{"chunk_definitions":[{"chunk_id":"csetup_chunk","chunk_label":"setup","document_id":"3D5E07CA","expansion_state":0,"options":{"engine":"r","include":false,"label":"setup"},"row":31,"row_count":1,"visible":true},{"chunk_id":"ch2dx9ixtvucf","chunk_label":"SalePrice eda","document_id":"3D5E07CA","expansion_state":0,"options":{"engine":"r","label":"SalePrice eda"},"row":89,"row_count":1,"visible":true},{"chunk_id":"c1i1pbl47so06","chunk_label":"unnamed-chunk-1","document_id":"3D5E07CA","expansion_state":0,"options":{"engine":"r","label":"unnamed-chunk-3"},"row":112,"row_count":1,"visible":true},{"chunk_id":"c2ngv80edilhz","chunk_label":"unnamed-chunk-4","document_id":"3D5E07CA","expansion_state":0,"options":{"engine":"r","label":"unnamed-chunk-5"},"row":233,"row_count":1,"visible":true}],"default_chunk_options":{"error":false,"fig.height":7.000000000000000,"fig.width":10.00000000000000,"message":false,"warning":false},"doc_write_time":1486277836,"working_dir":null}