"0","# Count of distinct values in each discrete feature"
"0","disc_bar <- home_data[,c(disc_features, ""split""), with = FALSE] %>% "
"0","  melt(id.vars = ""split"", measure.vars = disc_features) %>% "
"0","  ggplot(aes(x = value, fill = split)) +"
"0","  geom_bar(na.rm = FALSE, position = ""dodge"") +"
"0","  facet_wrap(~variable, scales = ""free"") +"
"0","  theme_tufte() +"
"0","  theme(axis.text.y = element_blank(),"
"0","        axis.text.x = element_text(angle = 45)) +"
"0","  labs(""Discrete Feature Barplots"")"
"0","# Boxplot of response variable for discrete features"
"0","disc_box <- home_data[split == ""train"",c(disc_features, y2, ""split""), with = FALSE] %>% "
"0","  melt(id.vars = c(""split"", y2), measure.vars = disc_features) %>% "
"0","  ggplot(aes(x = value, y = log_SalePrice)) +"
"0","  geom_boxplot() +"
"0","  facet_wrap(~variable, scales = ""free"") +"
"0","  theme_tufte() +"
"0","  theme(axis.text.y = element_blank(),"
"0","        axis.text.x = element_text(angle = 45)) +"
"0","  labs(""Discrete Feature Boxplots"")"
"0","plot_grid(disc_bar, disc_box, nrow = 2)"
