{"chunk_definitions":[{"chunk_id":"csetup_chunk","chunk_label":"setup","document_id":"A3714F9F","expansion_state":1,"options":{"engine":"r","include":false,"label":"setup"},"row":23,"row_count":1,"visible":true},{"chunk_id":"croqoayvipxps","chunk_label":"load data","document_id":"A3714F9F","expansion_state":1,"options":{"engine":"r","label":"load data"},"row":30,"row_count":1,"visible":true},{"chunk_id":"ckyj1g3izzwym","chunk_label":"pre processing","document_id":"A3714F9F","expansion_state":1,"options":{"engine":"r","label":"pre processing"},"row":73,"row_count":1,"visible":true},{"chunk_id":"c3hk4cml062dj","chunk_label":"SalePrice eda","document_id":"A3714F9F","expansion_state":1,"options":{"engine":"r","label":"SalePrice eda"},"row":86,"row_count":1,"visible":true},{"chunk_id":"cdhtahvf1sh3u","chunk_label":"log sp","document_id":"A3714F9F","expansion_state":1,"options":{"engine":"r","label":"log sp"},"row":105,"row_count":1,"visible":true},{"chunk_id":"certjnlrbubjw","chunk_label":"missingness","document_id":"A3714F9F","expansion_state":1,"options":{"engine":"r","label":"missingness"},"row":115,"row_count":1,"visible":true},{"chunk_id":"cxsr8ohj9e4a3","chunk_label":"unnamed-chunk-1","document_id":"A3714F9F","expansion_state":1,"options":{"engine":"r","label":"unnamed-chunk-2"},"row":124,"row_count":1,"visible":true},{"chunk_id":"cxj9wft6nr8eq","chunk_label":"discrete features","document_id":"A3714F9F","expansion_state":1,"options":{"engine":"r","label":"discrete features"},"row":153,"row_count":1,"visible":true},{"chunk_id":"c7t6g2qnynmai","chunk_label":"qual interactions","document_id":"A3714F9F","expansion_state":1,"options":{"engine":"r","label":"qual interactions"},"row":171,"row_count":1,"visible":true},{"chunk_id":"caijipq45dwau","chunk_label":"continuous features","document_id":"A3714F9F","expansion_state":1,"options":{"engine":"r","label":"continuous features"},"row":188,"row_count":1,"visible":true},{"chunk_id":"cgh3fzrdxadpy","chunk_label":"unnamed-chunk-2","document_id":"A3714F9F","expansion_state":1,"options":{"engine":"r","label":"unnamed-chunk-42"},"row":215,"row_count":1,"visible":true},{"chunk_id":"c9cy17wuwoa7v","chunk_label":"unnamed-chunk-3","document_id":"A3714F9F","expansion_state":1,"options":{"engine":"r","label":"unnamed-chunk-8"},"row":230,"row_count":1,"visible":true}],"chunk_rendered_width":700,"default_chunk_options":{"error":false,"fig.height":8.000000000000000,"fig.width":10.00000000000000},"doc_write_time":1486269593,"working_dir":null}