{"chunk_definitions":[{"chunk_id":"csmdd51r0z16e","expansion_state":0,"options":[],"row":57,"row_count":1,"visible":true},{"chunk_id":"cm0g00nkzo9cd","expansion_state":0,"options":[],"row":71,"row_count":1,"visible":true},{"chunk_id":"ctfsczsaeqzmg","expansion_state":0,"options":[],"row":83,"row_count":1,"visible":true},{"chunk_id":"czw0dvf85bv5p","expansion_state":0,"options":[],"row":101,"row_count":1,"visible":true},{"chunk_id":"ci0iaio8v0edz","expansion_state":0,"options":[],"row":118,"row_count":1,"visible":true},{"chunk_id":"cs5wzk2oshv50","expansion_state":0,"options":[],"row":134,"row_count":1,"visible":true},{"chunk_id":"cymm77mzldtgp","expansion_state":0,"options":[],"row":150,"row_count":1,"visible":true},{"chunk_id":"cw3fu9xbpd5kr","expansion_state":0,"options":[],"row":160,"row_count":1,"visible":true},{"chunk_id":"cc9ih4gjirenr","expansion_state":0,"options":[],"row":168,"row_count":1,"visible":true}],"doc_write_time":1485328877}
