"0","# Combine data sets with distinction between train and test"
"0","home_train[,split := ""train""]"
"0","home_test[,split := ""test""]"
"0","home_test[,SalePrice := NA]"
"0","home_data <- rbind(home_train, home_test)"
"0","# Convert features into proper format based on data_description.txt"
"0","home_data[,c(""MSSubClass"","
"0","             ""OverallQual"","
"0","             ""OverallCond"") := list("
"0","                as.factor(MSSubClass),"
"0","                as.factor(OverallQual),"
"0","                as.factor(OverallCond)"
"0","              )]"
"0","# Number of discrete and continuous features"
"0","sapply(home_data, class) %>% "
"0","  table"
"1",".
"
"1","character "
"1","   factor "
"1","  integer "
"1","
"
"1","       44 "
"1","        3 "
"1","       35 "
"1","
"
"0","# Define dependent variable"
"0","y <- ""SalePrice"""
"0","# Setnames to be more program friendly"
"0","setnames(home_data, names(home_data)[str_detect(names(home_data), ""^[0-9]"")], paste0(""h"", names(home_data)[str_detect(names(home_data), ""^[0-9]"")]))"
"0","# Extract names of continuous features"
"0","cont_features <- names(home_data)[sapply(home_data, class) == ""integer""]"
"0","cont_features <- setdiff(cont_features, c(y, ""Id""))"
"0","# Extract names of discrete features"
"0","disc_features <- names(home_data)[sapply(home_data, class) %in% c(""character"", ""factor"")]"
"0","disc_features <- setdiff(disc_features, ""split"")"
