"0","home_data[,log_SalePrice := log(SalePrice)]"
"0","# Histogram of log sale price"
"0","lsp_hist <- home_data %>% "
"0","  ggplot(aes(x = log_SalePrice)) +"
"0","  geom_histogram() +"
"0","  theme_minimal() +"
"0","  labs(title = ""Histogram of log(SalePrice)"")"
"0","# Side by side comparison of origional distribution with log distribution"
"0","plot_grid(sp_hist, lsp_hist)"
"2","`stat_bin()` using `bins = 30`. Pick better value with `binwidth`.
"
"2","Removed 1459 rows containing non-finite values (stat_bin)."
"2","`stat_bin()` using `bins = 30`. Pick better value with `binwidth`.
"
"2","Removed 1459 rows containing non-finite values (stat_bin)."
