"0","knitr::opts_chunk$set(fig.width = 10, fig.height = 7, warning = FALSE, message = FALSE)"
"0","# Required libraries"
"0","require(data.table)"
"0","require(magrittr)"
"0","require(tidyverse)"
"0","require(ggthemes)"
"0","require(stringr)"
"0","require(cowplot)"
"0","require(corrr)"
"0","require(treemap)"
"2","Loading required package: treemap
"
"0","require(h2o)"
"0","if(!require(h2oEnsemble)) devtools::install_github(""h2oai/h2o-3/h2o-r/ensemble/h2oEnsemble-package"")"
"0","require(h2oEnsemble)"
