"0","n_heat <- home_data[,.N, by = .(split, OverallQual, OverallCond)] %>% "
"0","  ggplot(aes(x = OverallQual, y = OverallCond, fill = N)) +"
"0","  geom_raster() +"
"0","  theme_minimal() +"
"0","  labs(title = ""Heatmap of OverallCond and OverallQual"")"
"0","lsp_heat <- home_data[split == ""train"",.(avg_log_SalePrice = mean(log_SalePrice)), by = .(OverallCond, OverallQual)] %>% "
"0","  ggplot(aes(x = OverallQual, y = OverallCond, fill = avg_log_SalePrice)) +"
"0","  geom_raster() +"
"0","  theme_minimal() +"
"0","  labs(title = ""Heatmap of OverallCond and OverallQual and log_SalePrice"")"
"0","plot_grid(n_heat, lsp_heat)"
