{"chunk_definitions":[{"chunk_id":"csmdd51r0z16e","chunk_label":"unnamed-chunk-2","document_id":null,"expansion_state":0,"options":[],"row":57,"row_count":1,"visible":true},{"chunk_id":"cm0g00nkzo9cd","chunk_label":"unnamed-chunk-3","document_id":null,"expansion_state":0,"options":[],"row":71,"row_count":1,"visible":true},{"chunk_id":"ctfsczsaeqzmg","chunk_label":"unnamed-chunk-4","document_id":null,"expansion_state":0,"options":[],"row":83,"row_count":1,"visible":true},{"chunk_id":"czw0dvf85bv5p","chunk_label":"unnamed-chunk-5","document_id":null,"expansion_state":0,"options":[],"row":101,"row_count":1,"visible":true},{"chunk_id":"ci0iaio8v0edz","chunk_label":"data preparation","document_id":null,"expansion_state":0,"options":[],"row":118,"row_count":1,"visible":true},{"chunk_id":"cymm77mzldtgp","chunk_label":"voices rf","document_id":null,"expansion_state":0,"options":[],"row":150,"row_count":1,"visible":true},{"chunk_id":"cc9ih4gjirenr","chunk_label":"AUC curves","document_id":null,"expansion_state":0,"options":[],"row":168,"row_count":1,"visible":true}],"doc_write_time":1485328875}